{"cameraMode":{"drawMode":0,"name":"Shaded","section":"Shading Mode"},"sceneLighting":false,"audioPlay":false,"sceneViewState":{"m_AlwaysRefresh":false,"showFog":true,"showSkybox":false,"showFlares":true,"showImageEffects":true,"showParticleSystems":true,"showVisualEffectGraphs":true,"m_FxEnabled":true},"in2DMode":false,"pivot":{"x":-0.12614181637763978,"y":2.124656915664673,"z":-5.121175765991211},"rotation":{"x":0.06650902330875397,"y":0.036495234817266467,"z":0.002424475271254778,"w":-0.9971300363540649},"size":0.8660253882408142,"orthographic":false}